<?xml version="1.0" encoding="utf-8"?>
<extension type="module" version="3.1.0" client="site" method="upgrade">
    <name>Módulo Formulário E-mail</name>
    <creationDate>Jul 2015</creationDate>
    <author>Lauro W. Guedes</author>
    <copyright>Copyright (C) 2015 Lauro W. Guedes.</copyright>
    <license>http://www.gnu.org/licenses/gpl-2.0.html GNU/GPL</license>
    <authorEmail>leo-ti@hotmail.com</authorEmail>
    <authorUrl>http://www.leowgweb.com.br</authorUrl>
    <author>Lauro W. Guedes</author>
    <version>2.0</version>
    <description>
	<![CDATA[
                <p>Módulo de envio de e-mail de forma assíncrona utilizando Ajax.</p>
                <p>Versão <strong>1.0</strong></p>
                <p><strong>Implementações</strong></p>
                <ul>
                    <li>Envio por SMTP</li>
                    <li>Utilização do reCaptcha 2.0</li>
                    <li>Adição de Padrão Bootstrap</li>
                </ul>
                <p>Desenvolvido por Lauro W. Guedes</p>
                <p>Atualizado por Marcelo Menezes</p>
        ]]>
	</description>
    <files>
        <filename>mod_wgajaxcontato.xml</filename>
        <filename module="mod_wgajaxcontato">mod_wgajaxcontato.php</filename>
        <filename>index.html</filename>
        <filename>helper.php</filename>
        <filename>tmpl/default.php</filename>
        <filename>tmpl/index.html</filename>
        <filename>assets/index.html</filename>
        <filename>assets/js/index.html</filename>
        <filename>assets/js/ajax.js</filename>
        <filename>assets/css/ajax.css</filename>
        <filename>assets/css/index.html</filename>
        <filename>assets/img/loading.png</filename>
        <filename>assets/img/loading.gif</filename>
        <filename>assets/img/index.html</filename>
    </files>
    <languages>
        <language tag="pt-BR">language/pt-BR.mod_wgajaxcontato.ini</language>
    </languages>
    <!-- FORMULÁRIOS -->
    <config>
        <fields name="params">
            <fieldset name="configuracao" label="MOD_WGAJAXCONTATO_ABA_CONFIGURACAO">
                <!-- opção de ecolher o envio PHP MAIL ou SMTP -->
                <field name="openvio" type="radio" default="0" class="radio btn-group btn-group-yesno" label="MOD_WGAJAXCONTATO_FIELD_OPENVIO_LABEL" description="MOD_WGAJAXCONTATO_FIELD_OPENVIO_DESC">
                      <option value="0">MOD_WGAJAXCONTATO_FIELD_PHPMAIL_VAL</option>
                      <option value="1">MOD_WGAJAXCONTATO_FIELD_SMTP_VAL</option>
                </field>
                <field name="email" type="email"
                    label="MOD_WGAJAXCONTATO_FIELD_EMAIL_LABEL"
                    description="MOD_WGAJAXCONTATO_FIELD_EMAIL_DESC"
                    required="true"
                    size="30"
                    class="inputbox"
                    validate="email" />
				<field name="colunas" type="list" defaut="12" 
						label="MOD_WGAJAXCONTATO_FIELD_COL_FORM"
						description="MOD_WGAJAXCONTATO_FIELD_COL_FORM_DESC">
						<option value="12">12</option>
						<option value="11">11</option>
						<option value="10">10</option>
						<option value="9">9</option>
						<option value="8">8</option>
						<option value="7">7</option>
						<option value="6">6</option>
						<option value="5">5</option>
						<option value="4">4</option>
						<option value="3">3</option>
						<option value="2">2</option>
						<option value="1">1</option>
				</field>
				<field name="nota" type="note" class="alert alert-info" label="MOD_WGAJAXCONTATO_FIELD_NOTA_LABEL" description="MOD_WGAJAXCONTATO_FIELD_NOTA_DESC" />
                <field name="captcha" class="radio btn-group btn-group-yesno" type="radio"
                    label="MOD_WGAJAXCONTATO_FIELD_CAPTCHA_LABEL"
                    description="MOD_WGAJAXCONTATO_FIELD_CAPTCHA_DESC"
                    default="0" >
                    <option value="1">JYES</option>
                    <option value="0">JNO</option>
                </field>
			<field name="sucesso" type="textarea" label="MOD_WGAJAXCONTATO_FIELD_SUCESSO_LABEL" description="MOD_WGAJAXCONTATO_FIELD_SUCESSO_DESC" rows="7" cols="5" default="Mensagem enviada com sucesso!" />
			<field name="falha" type="textarea" label="MOD_WGAJAXCONTATO_FIELD_FALHA_LABEL" description="MOD_WGAJAXCONTATO_FIELD_FALHA_DESC" rows="7" cols="5" default="Falha ao enviar o e-mail! Confira sua conexão." />
			</fieldset>
			
            <!-- aba das configurações do SMTP -->
            <fieldset name="confsmtp" label="SMTP">
                <field name="smtpautenticacao" type="radio" class="radio btn-group btn-group-yesno" default="true" label="MOD_WGAJAXCONTATO_FIELD_SMTPAUTENTICACAO_LABEL" description="">
                  <option value="true">JYES</option>
                  <option value="false">JNO</option>
                </field>
                <field name="smtpseguranca" type="list" default="MOD_WGAJAXCONTATO_FIELD_SMTPNONE_VAL" label="MOD_WGAJAXCONTATO_FIELD_SMTPSEGURANCA_LABEL" description="MOD_WGAJAXCONTATO_FIELD_SMTPSEGURANCA_DESC">
                  <option value="false">MOD_WGAJAXCONTATO_FIELD_SMTPNONE_VAL</option>
                  <option value="ssl">MOD_WGAJAXCONTATO_FIELD_SMTPSSL_VAL</option>
                  <option value="tls">MOD_WGAJAXCONTATO_FIELD_SMTPTLS_VAL</option>
                </field>
                <field name="smtpporta" type="text" default="25" label="MOD_WGAJAXCONTATO_FIELD_SMTPPORTA_LABEL" description="MOD_WGAJAXCONTATO_FIELD_SMTPPORTA_DESC" size="10" />
                <field name="smtpusuario" type="text" default="" label="MOD_WGAJAXCONTATO_FIELD_SMTPUSUARIO_LABEL" description="MOD_WGAJAXCONTATO_FIELD_SMTPUSUARIO_DESC" size="60" />
                <field name="smtpsenha" type="password" default="" label="MOD_WGAJAXCONTATO_FIELD_SMTPSENHA_LABEL" description="MOD_WGAJAXCONTATO_FIELD_SMTPSENHA_DESC" />
                <field name="smtphost" type="text" default="" label="MOD_WGAJAXCONTATO_FIELD_SMTPHOST_LABEL" description="MOD_WGAJAXCONTATO_FIELD_SMTPHOST_DESC" size="60" />
            </fieldset>
            <fieldset name="advanced" label="Avançado">
                <field name="moduleclass_sfx" type="text" default="" label="COM_MODULES_FIELD_MODULECLASS_SFX_LABEL" description="COM_MODULES_FIELD_MODULECLASS_SFX_DESC"/>
            </fieldset>
        </fields>
    </config>
</extension>