<?xml version="1.0" encoding="utf-8"?>
<extension 
	type="module" 
	version="3.0" 
	client="site"
	method="upgrade">
	<name>Featured categories</name>
	<author>Joomla!Vargas</author>
	<creationDate>June 2010</creationDate>
	<copyright>Copyright (C) 2005 - 2011 Open Source Matters. All rights reserved.</copyright>
	<license>GNU General Public License version 2 or later; see LICENSE.txt</license>
	<authorEmail>chuzky@gmail.com</authorEmail>
	<authorUrl>http://www.joomlahill.com</authorUrl>
	<version>3.2.4</version>
	<description>MOD_FEATCATS_XML_DESCRIPTION</description>
	<files>
		<filename module="mod_featcats">mod_featcats.php
		</filename>
		<folder>assets</folder>
		<folder>language</folder>
		<folder>thumbs</folder>
		<folder>tmpl</folder>
		<filename>helper.php</filename>
		<filename>index.html</filename>
		<filename>mod_featcats.xml</filename>
	</files>
	<config>
		<fields name="params">
			<fieldset name="basic">

				<field name="catid" type="category" extension="com_content"
					multiple="true" size="5"
					label="MOD_FEATCATS_FIELD_CATEGORY_LABEL"
					description="MOD_FEATCATS_FIELD_CATEGORY_DESC"
				>
          <option value="">JOPTION_ALL_CATEGORIES</option>
				</field>

				<field name="show_child_category_articles" type="radio"
					class="btn-group"
					default="0"
					label="MOD_FEATCATS_FIELD_SHOWCHILDCATEGORYARTICLES_LABEL"
					description="MOD_FEATCATS_FIELD_SHOWCHILDCATEGORYARTICLES_DESC"
				>
					<option value="1">MOD_FEATCATS_OPTION_INCLUDE_VALUE
					</option>
					<option value="0">MOD_FEATCATS_OPTION_EXCLUDE_VALUE
					</option>
				</field>

				<field name="levels" type="text" default="1"
					label="MOD_FEATCATS_FIELD_CATDEPTH_LABEL"
					description="MOD_FEATCATS_FIELD_CATDEPTH_DESC" />
					
				<field name="colcount" type="text" default="3"
					label="MOD_FEATCATS_FIELD_COLCOUNT_LABEL"
					description="MOD_FEATCATS_FIELD_COLCOUNT_DESC" />
					
				<field name="col_width" type="text" default="220px"
					label="MOD_FEATCATS_FIELD_COLWIDTH_LABEL"
					description="MOD_FEATCATS_FIELD_COLWIDTH_DESC" />
										
				<field name="cat_heading" type="list" default="3"
					label="MOD_FEATCATS_CAT_HEADING"
					description="MOD_FEATCATS_CAT_HEADING_DESCRIPTION"
				>
					<option value="1">JH1</option>
					<option value="2">JH2</option>
					<option value="3">JH3</option>
					<option value="4">JH4</option>
					<option value="5">JH5</option>
					<option value="6">JH6</option>
					<option value="0">JHIDE</option>
				</field>
				
				<field name="cat_image" type="radio"
					class="btn-group"
					default="0"
					label="MOD_FEATCATS_FIELD_CAT_IMAGE_SHOW_LABEL"
					description="MOD_FEATCATS_FIELD_CAT_IMAGE_SHOW_DESC"
				>
					<option value="1">JSHOW
					</option>
					<option value="0">JHIDE
					</option>
				</field>

				<field name="count" type="text" default="3"
					label="MOD_FEATCATS_FIELD_COUNT_LABEL"
					description="MOD_FEATCATS_FIELD_COUNT_DESC" />
					
				
				<field name="item_heading" type="list" default="4"
					label="MOD_FEATCATS_TITLE_HEADING"
					description="MOD_FEATCATS_TITLE_HEADING_DESCRIPTION"
				>
					<option value="1">JH1</option>
					<option value="2">JH2</option>
					<option value="3">JH3</option>
					<option value="4">JH4</option>
					<option value="5">JH5</option>
					<option value="6">JH6</option>
					<option value="0">JHIDE</option>
				</field>

				<field name="subcount" type="text" default="0"
					label="MOD_FEATCATS_FIELD_SUBCOUNT_LABEL"
					description="MOD_FEATCATS_FIELD_SUBCOUNT_DESC" />

				<field name="show_more" type="list" default="0"
					label="MOD_FEATCATS_FIELD_SHOWMORE_LABEL"
					description="MOD_FEATCATS_FIELD_SHOWMORE_DESC"
				>
					<option value="0">JHIDE
					</option>
					<option value="1">MOD_FEATCATS_OPTION_SHOWMORE_BOTTOM
					</option>
					<option value="2">MOD_FEATCATS_OPTION_SHOWMORE_TOP
					</option>
				</field>

				<field name="pag_show" type="radio"
					class="btn-group"
					default="0"
					label="MOD_FEATCATS_FIELD_PAG_SHOW_LABEL"
					description="MOD_FEATCATS_FIELD_PAG_SHOW_DESC"
				>
					<option value="1">JSHOW
					</option>
					<option value="0">JHIDE
					</option>
				</field>
				
				<field name="link_cats" type="radio"
					class="btn-group"
					default="1"
					label="MOD_FEATCATS_FIELD_LINKCATS_LABEL"
					description="MOD_FEATCATS_FIELD_LINKCATS_DESC"
				>
					<option value="1">JYES
					</option>
					<option value="0">JNO
					</option>
				</field>

				<field name="link_titles" type="radio"
					class="btn-group"
					default="1"
					label="MOD_FEATCATS_FIELD_LINKTITLES_LABEL"
					description="MOD_FEATCATS_FIELD_LINKTITLES_DESC"
				>
					<option value="1">JYES
					</option>
					<option value="0">JNO
					</option>
				</field>

				<field name="link_target" type="radio"
					class="btn-group"
					default="0"
					label="MOD_FEATCATS_FIELD_LINKTARGET_LABEL"
					description="MOD_FEATCATS_FIELD_LINKTARGET_DESC"
				>
					<option value="1">JYES
					</option>
					<option value="0">JNO
					</option>
				</field>

				<field name="show_hits" type="radio"
					class="btn-group"
					default="0"
					label="MOD_FEATCATS_FIELD_SHOWHITS_LABEL"
					description="MOD_FEATCATS_FIELD_SHOWHITS_DESC"
				>
					<option value="1">JSHOW
					</option>
					<option value="0">JHIDE
					</option>
				</field>

			</fieldset>

			<fieldset name="filtering"
				label="MOD_FEATCATS_FIELD_GROUP_FILTERING_LABEL"
			>
				<field name="show_front" type="list"
					default="show"
					label="MOD_FEATCATS_FIELD_SHOWFEATURED_LABEL"
					description="MOD_FEATCATS_FIELD_SHOWFEATURED_DESC"
				>
					<option value="show">JSHOW
					</option>
					<option value="hide">JHIDE
					</option>
					<option value="only">MOD_FEATCATS_OPTION_ONLYFEATURED_VALUE
					</option>
				</field>

				<field name="author_filtering_type" type="radio"
					class="btn-group"
					default="1"
					label="MOD_FEATCATS_FIELD_AUTHORFILTERING_LABEL"
					description="MOD_FEATCATS_FIELD_AUTHORFILTERING_DESC"
				>
					<option value="1">MOD_FEATCATS_OPTION_INCLUSIVE_VALUE
					</option>
					<option value="0">MOD_FEATCATS_OPTION_EXCLUSIVE_VALUE
					</option>
				</field>

				<field name="created_by" type="sql"
					multiple="true" size="5"
					label="MOD_FEATCATS_FIELD_AUTHOR_LABEL"
					description="MOD_FEATCATS_FIELD_AUTHOR_DESC"
					query="select id, name, username from #__users where id IN (select distinct(created_by) from #__content) order by name ASC"
					key_field="id" value_field="name"
				>
					<option value="">JOPTION_SELECT_AUTHORS</option>
				</field>

				<field name="author_alias_filtering_type" type="radio"
					class="btn-group"
					default="1"
					label="MOD_FEATCATS_FIELD_AUTHORALIASFILTERING_LABEL"
					description="MOD_FEATCATS_FIELD_AUTHORALIASFILTERING_DESC"
				>
					<option value="1">MOD_FEATCATS_OPTION_INCLUSIVE_VALUE
					</option>
					<option value="0">MOD_FEATCATS_OPTION_EXCLUSIVE_VALUE
					</option>
				</field>

				<field name="created_by_alias" type="sql"
					multiple="true" size="5"
					label="MOD_FEATCATS_FIELD_AUTHORALIAS_LABEL"
					description="MOD_FEATCATS_FIELD_AUTHORALIAS_DESC"
					query="select distinct(created_by_alias) from #__content where created_by_alias != '' order by created_by_alias ASC"
					key_field="created_by_alias" value_field="created_by_alias"
				>
					<option value="">JOPTION_SELECT_AUTHOR_ALIASES
					</option>
				</field>

				<field name="excluded_articles" type="textarea"
					cols="10" rows="3"
					label="MOD_FEATCATS_FIELD_EXCLUDEDARTICLES_LABEL"
					description="MOD_FEATCATS_FIELD_EXCLUDEDARTICLES_DESC" />

				<field name="date_filtering" type="list" default="off"
					label="MOD_FEATCATS_FIELD_DATEFILTERING_LABEL"
					description="MOD_FEATCATS_FIELD_DATEFILTERING_DESC"
				>
					<option value="off">MOD_FEATCATS_OPTION_OFF_VALUE
					</option>
					<option value="range">MOD_FEATCATS_OPTION_DATERANGE_VALUE
					</option>
					<option value="relative">MOD_FEATCATS_OPTION_RELATIVEDAY_VALUE
					</option>
				</field>

				<field name="date_field" type="list" default="a.created"
					label="MOD_FEATCATS_FIELD_DATERANGEFIELD_LABEL"
					description="MOD_FEATCATS_FIELD_DATERANGEFIELD_DESC"
				>
					<option value="a.created">MOD_FEATCATS_OPTION_CREATED_VALUE
					</option>
					<option value="a.modified">MOD_FEATCATS_OPTION_MODIFIED_VALUE
					</option>
					<option value="a.publish_up">MOD_FEATCATS_OPTION_STARTPUBLISHING_VALUE
					</option>
				</field>

				<field name="start_date_range" type="calendar"
					format="%Y-%m-%d %H:%M:%S"
					label="MOD_FEATCATS_FIELD_STARTDATE_LABEL"
					description="MOD_FEATCATS_FIELD_STARTDATE_DESC"
					size="22"
					filter="user_utc" />

				<field name="end_date_range" type="calendar"
					format="%Y-%m-%d %H:%M:%S"
					label="MOD_FEATCATS_FIELD_ENDDATE_LABEL"
					description="MOD_FEATCATS_FIELD_ENDDATE_DESC"
					size="22"
					filter="user_utc" />

				<field name="relative_date" type="text" default="30"
					label="MOD_FEATCATS_FIELD_RELATIVEDATE_LABEL"
					description="MOD_FEATCATS_FIELD_RELATIVEDATE_DESC" />
			</fieldset>

			<fieldset name="ordering"
				label="MOD_FEATCATS_FIELD_GROUP_ORDERING_LABEL"
			>
				<field name="article_ordering" type="list"
					default="a.title"
					label="MOD_FEATCATS_FIELD_ARTICLEORDERING_LABEL"
					description="MOD_FEATCATS_FIELD_ARTICLEORDERING_DESC"
				>
					<option value="a.ordering">MOD_FEATCATS_OPTION_ORDERING_VALUE
					</option>
					<option value="a.hits">MOD_FEATCATS_OPTION_HITS_VALUE
					</option>
					<option value="a.title">JGLOBAL_TITLE
					</option>
					<option value="a.id">MOD_FEATCATS_OPTION_ID_VALUE
					</option>
					<option value="a.alias">JFIELD_ALIAS_LABEL
					</option>
					<option value="a.created">MOD_FEATCATS_OPTION_CREATED_VALUE
					</option>
					<option value="modified">MOD_FEATCATS_OPTION_MODIFIED_VALUE
					</option>
					<option value="publish_up">MOD_FEATCATS_OPTION_STARTPUBLISHING_VALUE
					</option>
					<option value="a.publish_down">MOD_FEATCATS_OPTION_FINISHPUBLISHING_VALUE
					</option>
					<option value="RAND()">MOD_FEATCATS_OPTION_RANDOM_VALUE
					</option>
				</field>

				<field name="article_ordering_direction" type="list"
					default="ASC"
					label="MOD_FEATCATS_FIELD_ARTICLEORDERINGDIR_LABEL"
					description="MOD_FEATCATS_FIELD_ARTICLEORDERINGDIR_DESC"
				>
					<option value="DESC">MOD_FEATCATS_OPTION_DESCENDING_VALUE
					</option>
					<option value="ASC">MOD_FEATCATS_OPTION_ASCENDING_VALUE
					</option>
				</field>
			</fieldset>

			<fieldset name="display"
				label="MOD_FEATCATS_FIELD_GROUP_LEADINGARTICLES_LABEL"
			>

				<field name="title_limit" type="text" default=""
					label="MOD_FEATCATS_FIELD_TITLELIMIT_LABEL"
					description="MOD_FEATCATS_FIELD_TITLELIMIT_DESC" />

				<field name="show_date" type="radio"
					class="btn-group"
					default="0"
					label="JDATE"
					description="MOD_FEATCATS_FIELD_SHOWDATE_DESC"
				>
					<option value="1">JSHOW
					</option>
					<option value="0">JHIDE
					</option>
				</field>

				<field name="show_date_field" type="list" default="created"
					label="MOD_FEATCATS_FIELD_DATEFIELD_LABEL"
					description="MOD_FEATCATS_FIELD_DATEFIELD_DESC"
				>
					<option value="created">MOD_FEATCATS_OPTION_CREATED_VALUE
					</option>
					<option value="modified">MOD_FEATCATS_OPTION_MODIFIED_VALUE
					</option>
					<option value="publish_up">MOD_FEATCATS_OPTION_STARTPUBLISHING_VALUE
					</option>
				</field>

				<field name="show_date_format" type="text"
					default="Y-m-d H:i:s"
					label="MOD_FEATCATS_FIELD_DATEFIELDFORMAT_LABEL"
					description="MOD_FEATCATS_FIELD_DATEFIELDFORMAT_DESC" />

				<field name="show_author" type="radio"
					class="btn-group"
					default="0"
					label="JAUTHOR"
					description="MOD_FEATCATS_FIELD_SHOWAUTHOR_DESC"
				>
					<option value="1">JSHOW
					</option>
					<option value="0">JHIDE
					</option>
				</field>

				<field name="show_introtext" type="list" 
					default="1"
					label="MOD_FEATCATS_FIELD_SHOWINTROTEXT_LABEL"
					description="MOD_FEATCATS_FIELD_SHOWINTROTEXT_DESC"
				>
					<option value="1">MOD_FEATCATS_OPTION_INTROTEXT_LIMIT
					</option>
					<option value="2">MOD_FEATCATS_OPTION_INTROTEXT_FULL
					</option>
					<option value="0">JHIDE
					</option>
				</field>

				<field name="introtext_limit" type="text" default="100"
					label="MOD_FEATCATS_FIELD_INTROTEXTLIMIT_LABEL"
					description="MOD_FEATCATS_FIELD_INTROTEXTLIMIT_DESC" />

				<field name="bold_firstsentence" type="radio"
					class="btn-group"
					default="0"
					label="MOD_FEATCATS_FIELD_BOLD_FIRSTSENTENCE_LABEL"
					description="MOD_FEATCATS_FIELD_BOLD_FIRSTSENTENCE_DESC"
				>
					<option value="1">JYES
					</option>
					<option value="0">JNO
					</option>
				</field>

				<field
					name="show_readmore"
					label="JGLOBAL_SHOW_READMORE_LABEL"
					description="JGLOBAL_SHOW_READMORE_DESC"
					type="radio"
					class="btn-group"
					default="0"
				>
					<option value="1">JSHOW
					</option>
					<option value="0">JHIDE
					</option>
				</field>

				<field
					name="show_readmore_title"
					label="JGLOBAL_SHOW_READMORE_TITLE_LABEL"
					description="JGLOBAL_SHOW_READMORE_TITLE_DESC"
					type="radio"
					class="btn-group"
					default="0"
				>
					<option value="1">JSHOW</option>
					<option value="0">JHIDE</option>
				</field>

				<field
					name="readmore_limit"
					type="text"
					default=""
					label="JGLOBAL_SHOW_READMORE_LIMIT_LABEL"
					description="JGLOBAL_SHOW_READMORE_LIMIT_DESC"
				/>

				<field name="show_image" type="list"
					default="0"
					label="MOD_FEATCATS_FIELD_SHOWIMAGE_LABEL"
					description="MOD_FEATCATS_FIELD_SHOWIMAGE_DESC"
				>
					<option value="0">JHIDE
					</option>
					<option value="1">MOD_FEATCATS_OPTION_IMAGE_1
					</option>
					<option value="2">MOD_FEATCATS_OPTION_IMAGE_2
					</option>
				</field>

				<field name="def_image" type="media" default=""
					label="MOD_FEATCATS_FIELD_DEF_IMAGE_LABEL"
					description="MOD_FEATCATS_FIELD_DEF_IMAGE_DESC" />

				<field name="link_image" type="radio" 
					class="btn-group"
					default="0"
					label="MOD_FEATCATS_FIELD_LINKIMAGE_LABEL"
					description="MOD_FEATCATS_FIELD_LINKIMAGE_DESC"
				>
					<option value="0">JNO
					</option>
					<option value="1">JYES
					</option>
				</field>

				<field name="yt_image" type="list" 
					default="0"
					label="MOD_FEATCATS_FIELD_YOUTUBE_IMAGE_LABEL"
					description="MOD_FEATCATS_FIELD_YOUTUBE_IMAGE_DESC"
				>
					<option value="0">MOD_FEATCATS_OPTION_YOUTUBE_IMAGE_HIDE
					</option>
					<option value="1">MOD_FEATCATS_OPTION_YOUTUBE_IMAGE_PREVAIL
					</option>
					<option value="2">MOD_FEATCATS_OPTION_YOUTUBE_IMAGE_ONLY
					</option>
				</field>
				
				<field name="thumb_width" type="text" default="90"
					label="MOD_FEATCATS_FIELD_THUMB_WIDTH_LABEL"
					description="MOD_FEATCATS_FIELD_THUMB_WIDTH_DESC"
				/>
				
				<field name="thumb_height" type="text" default="90"
					label="MOD_FEATCATS_FIELD_THUMB_HEIGHT_LABEL"
					description="MOD_FEATCATS_FIELD_THUMB_HEIGHT_DESC"
				/>

				<field name="thumb_image" type="radio" 
					class="btn-group"
					default="1"
					label="MOD_FEATCATS_FIELD_THUMB_IMAGE_LABEL"
					description="MOD_FEATCATS_FIELD_THUMB_IMAGE_DESC"
				>
					<option value="1">JYES
					</option>
					<option value="0">JNO
					</option>
				</field>
					
				<field name="thumb_proportions" type="list" default="bestfit"
					label="MOD_FEATCATS_FIELD_THUMB_PROPORTIONS_LABEL"
					description="MOD_FEATCATS_FIELD_THUMB_PROPORTIONS_DESC"
				>
					<option value="bestfit">MOD_FEATCATS_OPTION_PROP_BEST_FIT</option>
					<option value="crop">MOD_FEATCATS_OPTION_PROP_CROP</option>
					<option value="only_cut">MOD_FEATCATS_OPTION_PROP_ONLY_CUT</option>
					<option value="fill">MOD_FEATCATS_OPTION_PROP_FILL</option>
					<option value="transparent">MOD_FEATCATS_OPTION_PROP_TRANSP</option>
					<!--<option value="stretch">MOD_FEATCATS_OPTION_PROP_STRECH</option>-->
				</field>
				
				<field name="thumb_bg" type="text" default="#FFFFFF" 
					label="MOD_FEATCATS_FIELD_THUMB_BACKGROUND_LABEL" 
					description="MOD_FEATCATS_FIELD_THUMB_BACKGROUND_DESC" 
				/>
				
				<field name="thumb_type" type="list" default="" 
					label="MOD_FEATCATS_FIELD_THUMB_TYPE_LABEL"
					description="MOD_FEATCATS_FIELD_THUMB_TYPE_DESC"
				>
					<option value="">MOD_FEATCATS_OPTION_THUMB_TYPE_PRESERVE</option>
					<option value="png">MOD_FEATCATS_OPTION_THUMB_TYPE_PNG</option>
					<option value="gif">MOD_FEATCATS_OPTION_THUMB_TYPE_GIF</option>
					<option value="jpeg">MOD_FEATCATS_OPTION_THUMB_TYPE_JPEG</option>
				</field>
				
			</fieldset>
			
			<fieldset name="display2"
				label="MOD_FEATCATS_FIELD_GROUP_SUBARTICLES_LABEL"
			>

				<field name="title_limit2" type="text" default=""
					label="MOD_FEATCATS_FIELD_TITLELIMIT2_LABEL"
					description="MOD_FEATCATS_FIELD_TITLELIMIT2_DESC" />

				<field name="show_date2" type="radio"
					class="btn-group"
					default="0"
					label="JDATE"
					description="MOD_FEATCATS_FIELD_SHOWDATE_DESC"
				>
					<option value="1">JSHOW
					</option>
					<option value="0">JHIDE
					</option>
				</field>

				<field name="show_author2" type="radio"
					class="btn-group"
					default="0"
					label="JAUTHOR"
					description="MOD_FEATCATS_FIELD_SHOWAUTHOR_DESC"
				>
					<option value="1">JSHOW
					</option>
					<option value="0">JHIDE
					</option>
				</field>

				<field name="show_introtext2" type="list" 
					default="0"
					label="MOD_FEATCATS_FIELD_SHOWINTROTEXT_LABEL"
					description="MOD_FEATCATS_FIELD_SHOWINTROTEXT_DESC"
				>
					<option value="1">MOD_FEATCATS_OPTION_INTROTEXT_LIMIT
					</option>
					<option value="2">MOD_FEATCATS_OPTION_INTROTEXT_FULL
					</option>
					<option value="0">JHIDE
					</option>
				</field>

				<field name="introtext_limit2" type="text" default="100"
					label="MOD_FEATCATS_FIELD_INTROTEXTLIMIT_LABEL"
					description="MOD_FEATCATS_FIELD_INTROTEXTLIMIT_DESC" />

				<field
					name="show_readmore2"
					label="JGLOBAL_SHOW_READMORE_LABEL"
					description="JGLOBAL_SHOW_READMORE_DESC"
					type="radio"
					class="btn-group"
					default="0"
				>
					<option value="1">JSHOW
					</option>
					<option value="0">JHIDE
					</option>
				</field>

				<field
					name="show_readmore_title2"
					label="JGLOBAL_SHOW_READMORE_TITLE_LABEL"
					description="JGLOBAL_SHOW_READMORE_TITLE_DESC"
					type="radio"
					class="btn-group"
					default="0"
				>
					<option value="1">JSHOW</option>
					<option value="0">JHIDE</option>
				</field>

				<field
					name="readmore_limit2"
					type="text"
					default=""
					label="JGLOBAL_SHOW_READMORE_LIMIT_LABEL"
					description="JGLOBAL_SHOW_READMORE_LIMIT_DESC"
				/>
				
			</fieldset>
			
			<fieldset name="pagination"
				label="MOD_FEATCATS_FIELD_GROUP_PAGINATION_LABEL"
			>

				<field name="pag_1" type="radio"
					class="btn-group"
					default="0"
					label="MOD_FEATCATS_FIELD_PAG_1_LABEL"
					description="MOD_FEATCATS_FIELD_PAG_1_DESC"
				>
					<option value="1">JSHOW
					</option>
					<option value="0">JHIDE
					</option>
				</field>

				<field name="pag_2" type="radio"
					class="btn-group"
					default="1"
					label="MOD_FEATCATS_FIELD_PAG_2_LABEL"
					description="MOD_FEATCATS_FIELD_PAG_2_DESC"
				>
					<option value="1">JSHOW
					</option>
					<option value="0">JHIDE
					</option>
				</field>

				<field name="pag_3" type="radio"
					class="btn-group"
					default="0"
					label="MOD_FEATCATS_FIELD_PAG_3_LABEL"
					description="MOD_FEATCATS_FIELD_PAG_3_DESC"
				>
					<option value="1">JSHOW
					</option>
					<option value="0">JHIDE
					</option>
				</field>
								
				<field name="pag_count" type="text" default="" 
					label="MOD_FEATCATS_FIELD_PAG_TOTAL_LABEL" 
					description="MOD_FEATCATS_FIELD_PAG_TOTAL_DESC" 
				/>
								
				<field name="limit" type="text" default="" 
					label="MOD_FEATCATS_FIELD_PAG_LIMIT_LABEL" 
					description="MOD_FEATCATS_FIELD_PAG_LIMIT_DESC" 
				/>
					
			</fieldset>

			<fieldset name="advanced">
				<!--<field name="layout" type="modulelayout"
					label="JFIELD_ALT_LAYOUT_LABEL" description="JFIELD_ALT_MODULE_LAYOUT_DESC" />-->

				<field name="moduleclass_sfx" type="text"
					label="COM_MODULES_FIELD_MODULECLASS_SFX_LABEL"
					description="COM_MODULES_FIELD_MODULECLASS_SFX_DESC" />
					
				<field name="add_css" type="filelist" 
					directory="modules/mod_featcats/assets"
					hide_none="0"
					hide_default="1"
					filter=".css"
					default="featcats.css"
					label="MOD_FEATCATS_FIELD_ADDCSS_LABEL"
					description="MOD_FEATCATS_FIELD_ADDCSS_DESC">
				</field>

				<field name="owncache" type="list" default="1"
					label="COM_MODULES_FIELD_CACHING_LABEL" description="COM_MODULES_FIELD_CACHING_DESC" >
					<option value="1">JGLOBAL_USE_GLOBAL</option>
					<option value="0">COM_MODULES_FIELD_VALUE_NOCACHING
					</option>
				</field>

				<field name="cache_time" type="text" default="900"
					label="COM_MODULES_FIELD_CACHE_TIME_LABEL" description="COM_MODULES_FIELD_CACHE_TIME_DESC" />

				<field name="hide1" type="radio"
					class="btn-group"
					default="0"
					label="MOD_FEATCATS_FIELD_HIDE_1_LABEL"
					description="MOD_FEATCATS_FIELD_HIDE_1_DESC"
				>
					<option value="1">JYES
					</option>
					<option value="0">JNO
					</option>
				</field>
				
			</fieldset>
		</fields>
	</config>
</extension>
